Item,Price (INR),Description,Category,Image Filename,Image Search URL
Apricot Delight,159,A creamy and rich delectable dessert made with finest apricots,Desserts,apricot_delight.jpg,https://www.google.com/search?tbm=isch&q=Cake%20Box%20Kakinada%20Apricot%20Delight%20food
Choco Mousse,90,"Soft and creamy chocolate mousse, perfect for a sweet treat",Desserts,choco_mousse.jpg,https://www.google.com/search?tbm=isch&q=Cake%20Box%20Kakinada%20Choco%20Mousse%20food
Rainbow Pastry,180,Soft and colorful layered pastry,Desserts,rainbow_pastry.jpg,https://www.google.com/search?tbm=isch&q=Cake%20Box%20Kakinada%20Rainbow%20Pastry%20food
Honey Trat,39,Sweet bakery treat,Desserts,honey_trat.jpg,https://www.google.com/search?tbm=isch&q=Cake%20Box%20Kakinada%20Honey%20Trat%20food
Tres Leches,90,Spongy cake soaked with three types of milk and served with dry fruits,Desserts,tres_leches.jpg,https://www.google.com/search?tbm=isch&q=Cake%20Box%20Kakinada%20Tres%20Leches%20food
Choco Lava,90,"Vanilla and brownie chocolate ice cream with Oreo, choco chips and molten lava cake",Desserts,choco_lava.jpg,https://www.google.com/search?tbm=isch&q=Cake%20Box%20Kakinada%20Choco%20Lava%20food
Brownie,69,Square or rectangular chocolate baked confection,Desserts,brownie.jpg,https://www.google.com/search?tbm=isch&q=Cake%20Box%20Kakinada%20Brownie%20food
Death By Chocolate (500gms),279,Rich chocolate dessert,Desserts,death_by_chocolate_500gms.jpg,https://www.google.com/search?tbm=isch&q=Cake%20Box%20Kakinada%20Death%20By%20Chocolate%20%28500gms%29%20food
Malai Biscoff,130,Creamy Biscoff dessert,Desserts,malai_biscoff.jpg,https://www.google.com/search?tbm=isch&q=Cake%20Box%20Kakinada%20Malai%20Biscoff%20food
Passion Delight,210,Fruity creamy dessert,Desserts,passion_delight.jpg,https://www.google.com/search?tbm=isch&q=Cake%20Box%20Kakinada%20Passion%20Delight%20food
Vanilla Cake,455,Classic creamy vanilla-flavoured cake,Cakes,vanilla_cake.jpg,https://www.google.com/search?tbm=isch&q=Cake%20Box%20Kakinada%20Vanilla%20Cake%20food
Strawberry Cake,159,Soft strawberry-flavoured cake,Cakes,strawberry_cake.jpg,https://www.google.com/search?tbm=isch&q=Cake%20Box%20Kakinada%20Strawberry%20Cake%20food
Rasmalai Cake,780,Fusion of traditional rasmalai flavours with moist cake,Cakes,rasmalai_cake.jpg,https://www.google.com/search?tbm=isch&q=Cake%20Box%20Kakinada%20Rasmalai%20Cake%20food
Mango Cake,455,Cake with fresh mango flavour,Cakes,mango_cake.jpg,https://www.google.com/search?tbm=isch&q=Cake%20Box%20Kakinada%20Mango%20Cake%20food
Blackcurrant Cake,130,Blackcurrant-flavoured cake/dessert,Cakes,blackcurrant_cake.jpg,https://www.google.com/search?tbm=isch&q=Cake%20Box%20Kakinada%20Blackcurrant%20Cake%20food
Chocochips,715,Crunchy chocolate-chip cake/treat,Cakes,chocochips.jpg,https://www.google.com/search?tbm=isch&q=Cake%20Box%20Kakinada%20Chocochips%20food
Dutch Truffle Cake,780,Rich chocolate truffle cake,Cakes,dutch_truffle_cake.jpg,https://www.google.com/search?tbm=isch&q=Cake%20Box%20Kakinada%20Dutch%20Truffle%20Cake%20food
Butterscotch Cake,520,Cake with buttery sauce and butterscotch chunks,Cakes,butterscotch_cake.jpg,https://www.google.com/search?tbm=isch&q=Cake%20Box%20Kakinada%20Butterscotch%20Cake%20food
Semi Fondant Cakes,1300,Decorative semi-fondant cake,Cakes,semi_fondant_cakes.jpg,https://www.google.com/search?tbm=isch&q=Cake%20Box%20Kakinada%20Semi%20Fondant%20Cakes%20food
Tiramisu Cake,130,Creamy chocolate and coffee-mascarpone style cake,Cakes,tiramisu_cake.jpg,https://www.google.com/search?tbm=isch&q=Cake%20Box%20Kakinada%20Tiramisu%20Cake%20food
Gulab Jamun Cake,650,Indian gulab jamun inspired fusion cake,Cakes,gulab_jamun_cake.jpg,https://www.google.com/search?tbm=isch&q=Cake%20Box%20Kakinada%20Gulab%20Jamun%20Cake%20food
Black Forest Cake,585,Chocolate cake with cream/chocolate and cherry-style flavour,Cakes,black_forest_cake.jpg,https://www.google.com/search?tbm=isch&q=Cake%20Box%20Kakinada%20Black%20Forest%20Cake%20food
Fondant Cake [Full],1500,Full fondant decorated cake,Cakes,fondant_cake_full.jpg,https://www.google.com/search?tbm=isch&q=Cake%20Box%20Kakinada%20Fondant%20Cake%20%5BFull%5D%20food
Rasgulla Cake,650,Fusion cake inspired by rasgulla,Cakes,rasgulla_cake.jpg,https://www.google.com/search?tbm=isch&q=Cake%20Box%20Kakinada%20Rasgulla%20Cake%20food
White Forest Cake,585,Vanilla sponge with white chocolate mousse and flakes,Cakes,white_forest_cake.jpg,https://www.google.com/search?tbm=isch&q=Cake%20Box%20Kakinada%20White%20Forest%20Cake%20food
Photo Cakes,300,Custom photo-decorated cake,Cakes,photo_cakes.jpg,https://www.google.com/search?tbm=isch&q=Cake%20Box%20Kakinada%20Photo%20Cakes%20food
Rainbow Cake,910,Colorful layered rainbow cake,Cakes,rainbow_cake.jpg,https://www.google.com/search?tbm=isch&q=Cake%20Box%20Kakinada%20Rainbow%20Cake%20food
Pineapple Cake,520,Cake layered with pineapple compote and cream,Cakes,pineapple_cake.jpg,https://www.google.com/search?tbm=isch&q=Cake%20Box%20Kakinada%20Pineapple%20Cake%20food
Extra Designs,200,Additional cake decoration/design,Cake Add-ons,extra_designs.jpg,https://www.google.com/search?tbm=isch&q=Cake%20Box%20Kakinada%20Extra%20Designs%20food
Extra Milkmaid,200,Additional Milkmaid topping/filling,Cake Add-ons,extra_milkmaid.jpg,https://www.google.com/search?tbm=isch&q=Cake%20Box%20Kakinada%20Extra%20Milkmaid%20food
Litchi Cake,585,Litchi-flavoured cake,Cakes,litchi_cake.jpg,https://www.google.com/search?tbm=isch&q=Cake%20Box%20Kakinada%20Litchi%20Cake%20food
Butterfly and Balls,200,Decorative cake topper/design,Cake Add-ons,butterfly_and_balls.jpg,https://www.google.com/search?tbm=isch&q=Cake%20Box%20Kakinada%20Butterfly%20and%20Balls%20food
Swiss Chocolate Cake,650,Rich chocolate cake with smooth chocolate cream,Cakes,swiss_chocolate_cake.jpg,https://www.google.com/search?tbm=isch&q=Cake%20Box%20Kakinada%20Swiss%20Chocolate%20Cake%20food
Drawing Cake,200,Custom drawing/decorated cake,Cake Add-ons,drawing_cake.jpg,https://www.google.com/search?tbm=isch&q=Cake%20Box%20Kakinada%20Drawing%20Cake%20food
Blueberry Cake,780,Blueberry filling/flavour cake,Cakes,blueberry_cake.jpg,https://www.google.com/search?tbm=isch&q=Cake%20Box%20Kakinada%20Blueberry%20Cake%20food
Oreo Cake,780,Cake with crushed Oreo and creamy filling,Cakes,oreo_cake.jpg,https://www.google.com/search?tbm=isch&q=Cake%20Box%20Kakinada%20Oreo%20Cake%20food
Choco Almond Cake,715,Dark chocolate with roasted almonds and chocolate fudge,Cakes,choco_almond_cake.jpg,https://www.google.com/search?tbm=isch&q=Cake%20Box%20Kakinada%20Choco%20Almond%20Cake%20food
Milky Butterscotch,585,Milky butterscotch cake/dessert,Cakes,milky_butterscotch.jpg,https://www.google.com/search?tbm=isch&q=Cake%20Box%20Kakinada%20Milky%20Butterscotch%20food
Pineapple with Milk Maid,585,Pineapple cake/dessert with Milkmaid,Cakes,pineapple_with_milk_maid.jpg,https://www.google.com/search?tbm=isch&q=Cake%20Box%20Kakinada%20Pineapple%20with%20Milk%20Maid%20food
Hazelnut Cream,780,Creamy hazelnut cake/dessert,Cakes,hazelnut_cream.jpg,https://www.google.com/search?tbm=isch&q=Cake%20Box%20Kakinada%20Hazelnut%20Cream%20food
Fresh Fruits,780,Cake/dessert topped with fresh fruits,Cakes,fresh_fruits.jpg,https://www.google.com/search?tbm=isch&q=Cake%20Box%20Kakinada%20Fresh%20Fruits%20food
Honey Almond,650,Honey and almond flavoured cake,Cakes,honey_almond.jpg,https://www.google.com/search?tbm=isch&q=Cake%20Box%20Kakinada%20Honey%20Almond%20food
American Red Velvet,715,Classic red velvet cake,Cakes,american_red_velvet.jpg,https://www.google.com/search?tbm=isch&q=Cake%20Box%20Kakinada%20American%20Red%20Velvet%20food
Choco Red Velvet,715,Chocolate and red velvet fusion cake,Cakes,choco_red_velvet.jpg,https://www.google.com/search?tbm=isch&q=Cake%20Box%20Kakinada%20Choco%20Red%20Velvet%20food
Celebrations,780,Celebration-style decorated cake,Cakes,celebrations.jpg,https://www.google.com/search?tbm=isch&q=Cake%20Box%20Kakinada%20Celebrations%20food
Kitkat Chocolate,780,Chocolate cake featuring KitKat,Cakes,kitkat_chocolate.jpg,https://www.google.com/search?tbm=isch&q=Cake%20Box%20Kakinada%20Kitkat%20Chocolate%20food
Cafe Delight,780,Creamy cafe-style dessert/cake,Cakes,cafe_delight.jpg,https://www.google.com/search?tbm=isch&q=Cake%20Box%20Kakinada%20Cafe%20Delight%20food
Fruits and Nuts,910,Cake/dessert with fruits and nuts,Cakes,fruits_and_nuts.jpg,https://www.google.com/search?tbm=isch&q=Cake%20Box%20Kakinada%20Fruits%20and%20Nuts%20food
Classic Italian Pizza,260,Soft cheesy vegetarian pizza with Italian style,Pizza,classic_italian_pizza.jpg,https://www.google.com/search?tbm=isch&q=Cake%20Box%20Kakinada%20Classic%20Italian%20Pizza%20food
Margherita Pizza,210,"Tomato sauce, mozzarella and basil",Pizza,margherita_pizza.jpg,https://www.google.com/search?tbm=isch&q=Cake%20Box%20Kakinada%20Margherita%20Pizza%20food
Corn Pizza,260,Pizza topped with sweet corn and cheese,Pizza,corn_pizza.jpg,https://www.google.com/search?tbm=isch&q=Cake%20Box%20Kakinada%20Corn%20Pizza%20food
Cake Box Veg Special Pizza,330,Special vegetarian pizza,Pizza,cake_box_veg_special_pizza.jpg,https://www.google.com/search?tbm=isch&q=Cake%20Box%20Kakinada%20Cake%20Box%20Veg%20Special%20Pizza%20food
Corn Paneer Pizza,280,"Pizza with corn, paneer and herbs",Pizza,corn_paneer_pizza.jpg,https://www.google.com/search?tbm=isch&q=Cake%20Box%20Kakinada%20Corn%20Paneer%20Pizza%20food
Farm House Pizza,300,Vegetable-loaded pizza,Pizza,farm_house_pizza.jpg,https://www.google.com/search?tbm=isch&q=Cake%20Box%20Kakinada%20Farm%20House%20Pizza%20food
Paneer Masala Pizza,300,"Pizza topped with paneer, chilli flakes and seasoning",Pizza,paneer_masala_pizza.jpg,https://www.google.com/search?tbm=isch&q=Cake%20Box%20Kakinada%20Paneer%20Masala%20Pizza%20food
Tandoori Paneer Pizza,300,"Pizza with paneer, onion, capsicum, olives and BBQ sauce",Pizza,tandoori_paneer_pizza.jpg,https://www.google.com/search?tbm=isch&q=Cake%20Box%20Kakinada%20Tandoori%20Paneer%20Pizza%20food
Cheese Corn Ball - 6P,260,"Cheese and corn balls, 6 pieces",Starters,cheese_corn_ball_6p.jpg,https://www.google.com/search?tbm=isch&q=Cake%20Box%20Kakinada%20Cheese%20Corn%20Ball%20-%206P%20food
Veg Manchurian,220,Crispy vegetable balls in tangy Indo-Chinese sauce,Starters,veg_manchurian.jpg,https://www.google.com/search?tbm=isch&q=Cake%20Box%20Kakinada%20Veg%20Manchurian%20food
Crispy Veg,230,Crispy fried vegetables with tangy sauce,Starters,crispy_veg.jpg,https://www.google.com/search?tbm=isch&q=Cake%20Box%20Kakinada%20Crispy%20Veg%20food
Veg 65,260,Spiced vegetables with Chinese-style sauces,Starters,veg_65.jpg,https://www.google.com/search?tbm=isch&q=Cake%20Box%20Kakinada%20Veg%2065%20food
Mushroom 65,240,Crispy mushroom florets in spicy batter,Mushroom Starters,mushroom_65.jpg,https://www.google.com/search?tbm=isch&q=Cake%20Box%20Kakinada%20Mushroom%2065%20food
Butter Garlic Mushrooms,300,Mushrooms cooked with butter and garlic,Mushroom Starters,butter_garlic_mushrooms.jpg,https://www.google.com/search?tbm=isch&q=Cake%20Box%20Kakinada%20Butter%20Garlic%20Mushrooms%20food
Mushroom Manchurian,260,Mushrooms with spicy Manchurian-style gravy,Mushroom Starters,mushroom_manchurian.jpg,https://www.google.com/search?tbm=isch&q=Cake%20Box%20Kakinada%20Mushroom%20Manchurian%20food
Chilli Mushroom,260,"Mushrooms with soy and chilli sauce, onions and bell peppers",Mushroom Starters,chilli_mushroom.jpg,https://www.google.com/search?tbm=isch&q=Cake%20Box%20Kakinada%20Chilli%20Mushroom%20food
Schezwan Mushroom,270,Mushrooms tossed in spicy Schezwan sauce,Mushroom Starters,schezwan_mushroom.jpg,https://www.google.com/search?tbm=isch&q=Cake%20Box%20Kakinada%20Schezwan%20Mushroom%20food
Badam Milk,90,Chopped almonds boiled in milk with kesar,Beverages,badam_milk.jpg,https://www.google.com/search?tbm=isch&q=Cake%20Box%20Kakinada%20Badam%20Milk%20food
Doughnut Eggless [1 piece],90,"Eggless doughnut, one piece",Bakery & Desserts,doughnut_eggless_1_piece.jpg,https://www.google.com/search?tbm=isch&q=Cake%20Box%20Kakinada%20Doughnut%20Eggless%20%5B1%20piece%5D%20food
Well Cake,130,Sweet bakery cake/treat,Bakery & Desserts,well_cake.jpg,https://www.google.com/search?tbm=isch&q=Cake%20Box%20Kakinada%20Well%20Cake%20food
Alfredo,200,Vegetarian creamy sauce tossed with pasta,Pasta,alfredo.jpg,https://www.google.com/search?tbm=isch&q=Cake%20Box%20Kakinada%20Alfredo%20food
Alfredo Pasta,260,Creamy Alfredo pasta,Pasta,alfredo_pasta.jpg,https://www.google.com/search?tbm=isch&q=Cake%20Box%20Kakinada%20Alfredo%20Pasta%20food
Arrabiata,220,Vegetarian spicy tangy red sauce with pasta,Pasta,arrabiata.jpg,https://www.google.com/search?tbm=isch&q=Cake%20Box%20Kakinada%20Arrabiata%20food
Arrabbiata Pasta,280,Spicy tangy red sauce pasta,Pasta,arrabbiata_pasta.jpg,https://www.google.com/search?tbm=isch&q=Cake%20Box%20Kakinada%20Arrabbiata%20Pasta%20food
Pink Sauce Pasta,220,Italian rosa-style sauce pasta,Pasta,pink_sauce_pasta.jpg,https://www.google.com/search?tbm=isch&q=Cake%20Box%20Kakinada%20Pink%20Sauce%20Pasta%20food
Pink Sauce Pasta,280,Creamy pink sauce pasta,Pasta,pink_sauce_pasta.jpg,https://www.google.com/search?tbm=isch&q=Cake%20Box%20Kakinada%20Pink%20Sauce%20Pasta%20food
Blackcurrant Ice Cream [1 Scoop],80,"Blackcurrant ice cream, one scoop",Ice Cream,blackcurrant_ice_cream_1_scoop.jpg,https://www.google.com/search?tbm=isch&q=Cake%20Box%20Kakinada%20Blackcurrant%20Ice%20Cream%20%5B1%20Scoop%5D%20food
Caramel Nuts Ice Cream [1 Scoop],120,"Caramel and nut ice cream, one scoop",Ice Cream,caramel_nuts_ice_cream_1_scoop.jpg,https://www.google.com/search?tbm=isch&q=Cake%20Box%20Kakinada%20Caramel%20Nuts%20Ice%20Cream%20%5B1%20Scoop%5D%20food
Mango Ice Cream [1 Scoop],80,"Mango ice cream, one scoop",Ice Cream,mango_ice_cream_1_scoop.jpg,https://www.google.com/search?tbm=isch&q=Cake%20Box%20Kakinada%20Mango%20Ice%20Cream%20%5B1%20Scoop%5D%20food
Vanilla Ice Cream [1 Scoop],80,"Vanilla ice cream, one scoop",Ice Cream,vanilla_ice_cream_1_scoop.jpg,https://www.google.com/search?tbm=isch&q=Cake%20Box%20Kakinada%20Vanilla%20Ice%20Cream%20%5B1%20Scoop%5D%20food
Chocolate Ice Cream [1 Scoop],100,"Chocolate ice cream, one scoop",Ice Cream,chocolate_ice_cream_1_scoop.jpg,https://www.google.com/search?tbm=isch&q=Cake%20Box%20Kakinada%20Chocolate%20Ice%20Cream%20%5B1%20Scoop%5D%20food
Strawberry Ice Cream [1 Scoop],80,"Strawberry ice cream, one scoop",Ice Cream,strawberry_ice_cream_1_scoop.jpg,https://www.google.com/search?tbm=isch&q=Cake%20Box%20Kakinada%20Strawberry%20Ice%20Cream%20%5B1%20Scoop%5D%20food
Thums Up (250 ml),19,250 ml soft drink,Beverages,thums_up_250_ml.jpg,https://www.google.com/search?tbm=isch&q=Cake%20Box%20Kakinada%20Thums%20Up%20%28250%20ml%29%20food
Litchi Milkshake,160,Creamy litchi milkshake,Beverages,litchi_milkshake.jpg,https://www.google.com/search?tbm=isch&q=Cake%20Box%20Kakinada%20Litchi%20Milkshake%20food
Sprite (250 ml),19,250 ml soft drink,Beverages,sprite_250_ml.jpg,https://www.google.com/search?tbm=isch&q=Cake%20Box%20Kakinada%20Sprite%20%28250%20ml%29%20food
Kinley (1.0 L),19,1 litre packaged water,Beverages,kinley_1_0_l.jpg,https://www.google.com/search?tbm=isch&q=Cake%20Box%20Kakinada%20Kinley%20%281.0%20L%29%20food
Pista Punch,160,Pistachio-flavoured drink,Beverages,pista_punch.jpg,https://www.google.com/search?tbm=isch&q=Cake%20Box%20Kakinada%20Pista%20Punch%20food
Veg Momos [5 Pieces],130,"Vegetable momos, 5 pieces",Starters,veg_momos_5_pieces.jpg,https://www.google.com/search?tbm=isch&q=Cake%20Box%20Kakinada%20Veg%20Momos%20%5B5%20Pieces%5D%20food
Peanut Biscuits,130,Crispy peanut biscuits,Cookies,peanut_biscuits.jpg,https://www.google.com/search?tbm=isch&q=Cake%20Box%20Kakinada%20Peanut%20Biscuits%20food
Warm Biscuits,150,Warm bakery biscuits,Cookies,warm_biscuits.jpg,https://www.google.com/search?tbm=isch&q=Cake%20Box%20Kakinada%20Warm%20Biscuits%20food
Stick Paneer - 5 Stick,280,"Paneer sticks, 5 pieces",Paneer Starters,stick_paneer_5_stick.jpg,https://www.google.com/search?tbm=isch&q=Cake%20Box%20Kakinada%20Stick%20Paneer%20-%205%20Stick%20food
Chilli Garlic Paneer,300,Paneer with chilli and garlic flavours,Paneer Starters,chilli_garlic_paneer.jpg,https://www.google.com/search?tbm=isch&q=Cake%20Box%20Kakinada%20Chilli%20Garlic%20Paneer%20food
Butter Garlic Paneer,300,Paneer cooked with butter and garlic,Paneer Starters,butter_garlic_paneer.jpg,https://www.google.com/search?tbm=isch&q=Cake%20Box%20Kakinada%20Butter%20Garlic%20Paneer%20food
Schezwan Paneer,280,Paneer with bold Schezwan sauce,Paneer Starters,schezwan_paneer.jpg,https://www.google.com/search?tbm=isch&q=Cake%20Box%20Kakinada%20Schezwan%20Paneer%20food
Paneer Majestic,300,Spiced smoked paneer cubes with tandoori masala,Paneer Starters,paneer_majestic.jpg,https://www.google.com/search?tbm=isch&q=Cake%20Box%20Kakinada%20Paneer%20Majestic%20food
Chili Paneer,290,"Fried paneer in sweet, sour and spicy sauce",Paneer Starters,chili_paneer.jpg,https://www.google.com/search?tbm=isch&q=Cake%20Box%20Kakinada%20Chili%20Paneer%20food
Paneer Manchurian,280,Crispy paneer Manchurian with sauce,Paneer Starters,paneer_manchurian.jpg,https://www.google.com/search?tbm=isch&q=Cake%20Box%20Kakinada%20Paneer%20Manchurian%20food
Paneer 65,280,Crispy South Indian spiced paneer,Paneer Starters,paneer_65.jpg,https://www.google.com/search?tbm=isch&q=Cake%20Box%20Kakinada%20Paneer%2065%20food
Potato Cheese Blast Burger,200,Potato and cheese burger,Burgers,potato_cheese_blast_burger.jpg,https://www.google.com/search?tbm=isch&q=Cake%20Box%20Kakinada%20Potato%20Cheese%20Blast%20Burger%20food
Paneer Patty Burger,230,Burger with a hearty paneer patty,Burgers,paneer_patty_burger.jpg,https://www.google.com/search?tbm=isch&q=Cake%20Box%20Kakinada%20Paneer%20Patty%20Burger%20food
Cake Box Special Double Patty Mega Burger,280,Special double-patty mega burger,Burgers,cake_box_special_double_patty_mega_burger.jpg,https://www.google.com/search?tbm=isch&q=Cake%20Box%20Kakinada%20Cake%20Box%20Special%20Double%20Patty%20Mega%20Burger%20food
Veg Patty Burger,180,Vegetable patty with lettuce and tangy sauce,Burgers,veg_patty_burger.jpg,https://www.google.com/search?tbm=isch&q=Cake%20Box%20Kakinada%20Veg%20Patty%20Burger%20food
Classic Burger,200,Potato patty with vegetables and tangy sauce,Burgers,classic_burger.jpg,https://www.google.com/search?tbm=isch&q=Cake%20Box%20Kakinada%20Classic%20Burger%20food
Mango,100,Chilled creamy mango dessert/drink,Sundaes & Desserts,mango.jpg,https://www.google.com/search?tbm=isch&q=Cake%20Box%20Kakinada%20Mango%20food
Black Current,100,Chilled blackcurrant-flavoured dessert/drink,Sundaes & Desserts,black_current.jpg,https://www.google.com/search?tbm=isch&q=Cake%20Box%20Kakinada%20Black%20Current%20food
Caramel Nuts,150,Sweet and nutty caramel dessert,Sundaes & Desserts,caramel_nuts.jpg,https://www.google.com/search?tbm=isch&q=Cake%20Box%20Kakinada%20Caramel%20Nuts%20food
Milk Butterscotch Pastry,120,Milk butterscotch pastry,Pastries,milk_butterscotch_pastry.jpg,https://www.google.com/search?tbm=isch&q=Cake%20Box%20Kakinada%20Milk%20Butterscotch%20Pastry%20food
Honey Almond Pastry,130,Honey almond pastry,Pastries,honey_almond_pastry.jpg,https://www.google.com/search?tbm=isch&q=Cake%20Box%20Kakinada%20Honey%20Almond%20Pastry%20food
Black Forest Pastry,110,Chocolate sponge with rich cherry-style filling,Pastries,black_forest_pastry.jpg,https://www.google.com/search?tbm=isch&q=Cake%20Box%20Kakinada%20Black%20Forest%20Pastry%20food
Whole Wheat Bread,110,Soft wholesome whole wheat bread,Breads,whole_wheat_bread.jpg,https://www.google.com/search?tbm=isch&q=Cake%20Box%20Kakinada%20Whole%20Wheat%20Bread%20food
Dry Cake,169,Dry cake/bakery treat,Breads,dry_cake.jpg,https://www.google.com/search?tbm=isch&q=Cake%20Box%20Kakinada%20Dry%20Cake%20food
Veg Momos,125,Steamed vegetable dumplings with chilli-garlic sauce,Momos,veg_momos.jpg,https://www.google.com/search?tbm=isch&q=Cake%20Box%20Kakinada%20Veg%20Momos%20food
Paneer Momos,145,Steamed dumplings filled with paneer,Momos,paneer_momos.jpg,https://www.google.com/search?tbm=isch&q=Cake%20Box%20Kakinada%20Paneer%20Momos%20food
Corn Cheese Sandwich,200,"Sweet corn, mayo and cheese in whole-wheat bread",Sandwiches,corn_cheese_sandwich.jpg,https://www.google.com/search?tbm=isch&q=Cake%20Box%20Kakinada%20Corn%20Cheese%20Sandwich%20food
Mushroom Sandwich,145,Creamy mushroom and cheese grilled sandwich,Sandwiches,mushroom_sandwich.jpg,https://www.google.com/search?tbm=isch&q=Cake%20Box%20Kakinada%20Mushroom%20Sandwich%20food
Paneer Sandwich,200,Paneer and fresh vegetable sandwich,Sandwiches,paneer_sandwich.jpg,https://www.google.com/search?tbm=isch&q=Cake%20Box%20Kakinada%20Paneer%20Sandwich%20food
Paneer Makhani Sandwich,220,Paneer with rich tomato gravy in grilled bread,Sandwiches,paneer_makhani_sandwich.jpg,https://www.google.com/search?tbm=isch&q=Cake%20Box%20Kakinada%20Paneer%20Makhani%20Sandwich%20food
